/*
PostgreSQL Backup
Database: moviebookingdb/public
Backup Time: 2021-01-11 22:20:45
*/

DROP TABLE IF EXISTS "public"."auditoriums";
DROP TABLE IF EXISTS "public"."bookings";
DROP TABLE IF EXISTS "public"."movies";
DROP TABLE IF EXISTS "public"."ratings";
DROP TABLE IF EXISTS "public"."roles";
DROP TABLE IF EXISTS "public"."seats";
DROP TABLE IF EXISTS "public"."showing_schedules";
DROP TABLE IF EXISTS "public"."user_roles";
DROP TABLE IF EXISTS "public"."users";
CREATE TABLE "auditoriums" (
  "id" int8 NOT NULL,
  "name" varchar(255) COLLATE "pg_catalog"."default" NOT NULL,
  "status" int2 NOT NULL DEFAULT 1
)
;
ALTER TABLE "auditoriums" OWNER TO "postgres";
CREATE TABLE "bookings" (
  "id" int8 NOT NULL,
  "booking_date" timestamp(6),
  "grand_total" float8 NOT NULL,
  "status" int2 DEFAULT 0,
  "movie_id" int8,
  "seat_id" int8,
  "showing_schedule_id" int8,
  "user_id" int8
)
;
ALTER TABLE "bookings" OWNER TO "postgres";
CREATE TABLE "movies" (
  "id" int8 NOT NULL,
  "actors" varchar(255) COLLATE "pg_catalog"."default",
  "description" text COLLATE "pg_catalog"."default",
  "director" varchar(255) COLLATE "pg_catalog"."default" NOT NULL,
  "duration" int4 NOT NULL,
  "genre" varchar(255) COLLATE "pg_catalog"."default" NOT NULL,
  "release_date" date NOT NULL,
  "status" int2 DEFAULT 1,
  "title" varchar(255) COLLATE "pg_catalog"."default" NOT NULL
)
;
ALTER TABLE "movies" OWNER TO "postgres";
CREATE TABLE "ratings" (
  "id" int8 NOT NULL,
  "rating" float8 NOT NULL,
  "movie_id" int8,
  "user_id" int8
)
;
ALTER TABLE "ratings" OWNER TO "postgres";
CREATE TABLE "roles" (
  "id" int8 NOT NULL,
  "name" varchar(20) COLLATE "pg_catalog"."default"
)
;
ALTER TABLE "roles" OWNER TO "postgres";
CREATE TABLE "seats" (
  "id" int8 NOT NULL,
  "number" int2 NOT NULL,
  "row" char(1) COLLATE "pg_catalog"."default" NOT NULL,
  "seat_type" char(1) COLLATE "pg_catalog"."default" NOT NULL,
  "auditorium_id" int8
)
;
ALTER TABLE "seats" OWNER TO "postgres";
CREATE TABLE "showing_schedules" (
  "id" int8 NOT NULL,
  "price" float8 NOT NULL,
  "showing_date" timestamp(6) NOT NULL,
  "auditorium_id" int8,
  "movie_id" int8
)
;
ALTER TABLE "showing_schedules" OWNER TO "postgres";
CREATE TABLE "user_roles" (
  "user_id" int8 NOT NULL,
  "role_id" int8 NOT NULL
)
;
ALTER TABLE "user_roles" OWNER TO "postgres";
CREATE TABLE "users" (
  "id" int8 NOT NULL,
  "address" varchar(255) COLLATE "pg_catalog"."default",
  "date_of_birth" date,
  "email" varchar(255) COLLATE "pg_catalog"."default" NOT NULL,
  "full_name" varchar(255) COLLATE "pg_catalog"."default",
  "gender" char(1) COLLATE "pg_catalog"."default",
  "password" varchar(255) COLLATE "pg_catalog"."default" NOT NULL,
  "phone" varchar(255) COLLATE "pg_catalog"."default",
  "status" int2 NOT NULL DEFAULT 1
)
;
ALTER TABLE "users" OWNER TO "postgres";
BEGIN;
LOCK TABLE "public"."auditoriums" IN SHARE MODE;
DELETE FROM "public"."auditoriums";
INSERT INTO "public"."auditoriums" ("id","name","status") VALUES (1, 'Cinema 01', 1),(2, 'Cinema 02', 1),(3, 'Cinema 03', 1),(4, 'Cinema 04', 1);
COMMIT;
BEGIN;
LOCK TABLE "public"."bookings" IN SHARE MODE;
DELETE FROM "public"."bookings";
INSERT INTO "public"."bookings" ("id","booking_date","grand_total","status","movie_id","seat_id","showing_schedule_id","user_id") VALUES (22, '2021-01-08 17:00:00', 165000, 0, 1, 227, 4, 1),(23, '2021-01-08 17:00:00', 165000, 0, 1, 228, 4, 1),(24, '2021-01-08 17:00:00', 165000, 0, 1, 237, 4, 1),(25, '2021-01-08 17:00:00', 110000, 0, 1, 246, 4, 1),(26, '2021-01-08 17:00:00', 110000, 0, 1, 247, 4, 1),(27, '2021-01-08 17:00:00', 385000, 0, 1, 163, 3, 1),(28, '2021-01-08 17:00:00', 385000, 0, 1, 164, 3, 1),(29, '2021-01-08 17:00:00', 385000, 0, 1, 165, 3, 1),(30, '2021-01-08 17:00:00', 385000, 0, 1, 166, 3, 1),(31, '2021-01-08 17:00:00', 385000, 0, 1, 167, 3, 1),(32, '2021-01-08 17:00:00', 385000, 0, 1, 168, 3, 1),(33, '2021-01-08 17:00:00', 385000, 0, 1, 176, 3, 1),(34, '2021-01-08 17:00:00', 220000, 0, 1, 180, 3, 1),(35, '2021-01-08 17:00:00', 220000, 0, 1, 181, 3, 1),(36, '2021-01-08 17:00:00', 220000, 0, 1, 182, 3, 1),(37, '2021-01-08 17:00:00', 220000, 0, 1, 188, 3, 1),(38, '2021-01-08 17:00:00', 440000, 0, 1, 172, 3, 1),(39, '2021-01-08 17:00:00', 440000, 0, 1, 173, 3, 1),(40, '2021-01-08 17:00:00', 440000, 0, 1, 174, 3, 1),(41, '2021-01-08 17:00:00', 440000, 0, 1, 175, 3, 1),(42, '2021-01-08 17:00:00', 440000, 0, 1, 183, 3, 1),(43, '2021-01-08 17:00:00', 440000, 0, 1, 184, 3, 1),(44, '2021-01-08 17:00:00', 440000, 0, 1, 191, 3, 1),(45, '2021-01-08 17:00:00', 440000, 0, 1, 192, 3, 1),(46, '2021-01-08 17:00:00', 55000, 0, 1, 156, 3, 1),(47, '2021-01-08 17:00:00', 165000, 0, 1, 243, 4, 1),(48, '2021-01-08 17:00:00', 165000, 0, 1, 244, 4, 1),(49, '2021-01-08 17:00:00', 165000, 0, 1, 253, 4, 1),(50, '2021-01-08 17:00:00', 330000, 0, 1, 146, 3, 1),(51, '2021-01-08 17:00:00', 330000, 0, 1, 147, 3, 1),(52, '2021-01-08 17:00:00', 330000, 0, 1, 148, 3, 1),(53, '2021-01-08 17:00:00', 330000, 0, 1, 149, 3, 1),(54, '2021-01-08 17:00:00', 330000, 0, 1, 154, 3, 1),(55, '2021-01-08 17:00:00', 330000, 0, 1, 155, 3, 1),(56, '2021-01-08 17:00:00', 220000, 0, 1, 219, 4, 1),(57, '2021-01-08 17:00:00', 220000, 0, 1, 220, 4, 1),(58, '2021-01-08 17:00:00', 220000, 0, 1, 221, 4, 1),(59, '2021-01-08 17:00:00', 220000, 0, 1, 222, 4, 1),(60, '2021-01-08 17:00:00', 165000, 0, 1, 185, 3, 1),(61, '2021-01-08 17:00:00', 165000, 0, 1, 186, 3, 1),(62, '2021-01-08 17:00:00', 165000, 0, 1, 187, 3, 1),(63, '2021-01-08 17:00:00', 110000, 0, 1, 170, 3, 1),(64, '2021-01-08 17:00:00', 110000, 0, 1, 178, 3, 1),(65, '2021-01-08 17:00:00', 165000, 0, 1, 254, 4, 1),(66, '2021-01-08 17:00:00', 165000, 0, 1, 255, 4, 1),(67, '2021-01-08 17:00:00', 165000, 0, 1, 256, 4, 1),(68, '2021-01-08 17:00:00', 165000, 0, 1, 242, 4, 1),(69, '2021-01-08 17:00:00', 165000, 0, 1, 249, 4, 1),(70, '2021-01-08 17:00:00', 165000, 0, 1, 250, 4, 1),(71, '2021-01-08 17:00:00', 220000, 0, 1, 230, 4, 1),(72, '2021-01-08 17:00:00', 220000, 0, 1, 231, 4, 1),(73, '2021-01-08 17:00:00', 220000, 0, 1, 238, 4, 1),(74, '2021-01-08 17:00:00', 220000, 0, 1, 239, 4, 1),(75, '2021-01-08 17:00:00', 220000, 0, 1, 152, 3, 1),(76, '2021-01-08 17:00:00', 220000, 0, 1, 158, 3, 1),(77, '2021-01-08 17:00:00', 220000, 0, 1, 159, 3, 1),(78, '2021-01-08 17:00:00', 220000, 0, 1, 160, 3, 1),(79, '2021-01-08 17:00:00', 165000, 0, 1, 140, 3, 1),(80, '2021-01-08 17:00:00', 165000, 0, 1, 141, 3, 1),(81, '2021-01-08 17:00:00', 165000, 0, 1, 142, 3, 1),(82, '2021-01-09 17:00:00', 220000, 0, 2, 51, 5, 1),(83, '2021-01-09 17:00:00', 220000, 0, 2, 52, 5, 1),(84, '2021-01-09 17:00:00', 220000, 0, 2, 53, 5, 1),(85, '2021-01-09 17:00:00', 220000, 0, 2, 54, 5, 1),(86, '2021-01-10 00:00:00', 165000, 0, 2, 29, 5, 1),(87, '2021-01-10 00:00:00', 165000, 0, 2, 30, 5, 1),(88, '2021-01-10 00:00:00', 165000, 0, 2, 31, 6, 1),(89, '2021-01-10 00:00:00', 275000, 0, 1, 18, 1, 1),(90, '2021-01-10 00:00:00', 275000, 0, 1, 19, 1, 1),(91, '2021-01-10 00:00:00', 275000, 0, 1, 20, 1, 1),(92, '2021-01-10 00:00:00', 275000, 0, 1, 28, 1, 1),(93, '2021-01-10 00:00:00', 275000, 0, 1, 29, 1, 1),(94, '2021-01-10 00:00:00', 220000, 0, 1, 37, 1, 1),(95, '2021-01-10 00:00:00', 220000, 0, 1, 38, 1, 1),(96, '2021-01-10 00:00:00', 220000, 0, 1, 39, 1, 1),(97, '2021-01-10 00:00:00', 220000, 0, 1, 40, 1, 1),(98, '2021-01-10 00:00:00', 110000, 0, 2, 101, 6, 1),(99, '2021-01-10 00:00:00', 110000, 0, 2, 102, 6, 1),(100, '2021-01-10 00:00:00', 55000, 0, 2, 103, 6, 1),(101, '2021-01-11 00:00:00', 165000, 0, 1, 93, 2, 1),(102, '2021-01-11 00:00:00', 165000, 0, 1, 94, 2, 1),(103, '2021-01-11 00:00:00', 165000, 0, 1, 102, 2, 1),(104, '2021-01-11 00:00:00', 220000, 0, 1, 116, 2, 1),(105, '2021-01-11 00:00:00', 220000, 0, 1, 117, 2, 1),(106, '2021-01-11 00:00:00', 220000, 0, 1, 118, 2, 1),(107, '2021-01-11 00:00:00', 220000, 0, 1, 124, 2, 1);
COMMIT;
BEGIN;
LOCK TABLE "public"."movies" IN SHARE MODE;
DELETE FROM "public"."movies";
INSERT INTO "public"."movies" ("id","actors","description","director","duration","genre","release_date","status","title") VALUES (1, 'Dong-won Gang, Jung-hyun Lee, John D. Michaels', '<p>Vì số tiền công hậu hĩnh lên đến 2,5 triệu USD, tay cựu quân nhân Jung Seok quyết định trở lại “Bán Đảo” nhằm thu hồi một kiện hàng nọ. Tuy nhiên, đón đợi Jung Seok và đồng đội trở về là cuộc phục kích của những chiến hữu cũ và sự tấn công của lũ zombie khát máu. Được gia đình Min Jung giải cứu, Jung Seok phải tìm cách đào thoát khỏi nơi đây trước khi mặt trời ló dạng.</p>', 'Sang-ho Yeon', 115, 'Hành Động, Kinh Dị, Phiêu Lưu', '2020-12-11', 1, 'BÁN ĐẢO PENINSULA'),(2, 'Federico Ielapi, Roberto Benigni, Marine Vacth, Gigi Proietti, Massimo Ceccherini', '<p>Chuyển thể từ cuốn sách Những cuộc phiêu lưu của Pinocchio của nhà văn người Ý Carlo Collodi từng làm say mê bao thế hệ độc giả khắp thế giới, bộ phim kể về Pinocchio - chú bé người gỗ do bác thợ mộc Gepetto tạo nên, khao khát trở thành một câu bé đích thực bằng xương bằng thịt. Với chất liệu văn học tuyệt vời, cùng diễn xuất ấn tượng của chủ nhân tượng vàng Oscar - Roberto Benigni, phim đã nhận về 15 đề cử David di Donatello 2020 – giải thưởng điện ảnh cao quý, được xem như Oscars của Ý, bao gồm đề cử cho Đạo diễn xuất sắc nhất và Phim xuất sắc nhất. </p>', 'Matteo Garrone', 125, 'Gia đình, Phiêu Lưu, Tâm Lý, Thần thoại', '2020-12-12', 1, 'CẬU BÉ NGƯỜI GỖ PINOCCHIO'),(3, 'Kym Cramp, Brendan Donoghue, Lauren Lofberg,…', '<p>Outback xoay quanh trải nghiệm du lịch đầy kinh hoàng của cặp vợ chồng trẻ Wade và Lisa khi họ quyết định đi đến Úc nhằm tìm kiếm những phút giây riêng tư cùng nhau giữa thiên nhiên hoang dã. Tuy nhiên, bộ đôi đã bị lạc giữa một vùng thảo nguyên hoang vắng, họ buộc phải rời khỏi xe và đi bộ để tìm một tuyến đường mới. Khi màn đêm buông xuống, cặp đôi phải ngủ qua đêm giữa những bụi rậm chứa đầy rắn, bò cạp và chó hoang rình rập. Liệu Wade và Lisa sẽ sống sót qua chuyến du lịch chết chóc này như thế nào? </p>', 'Mike Green', 86, 'Hồi hộp', '2020-12-13', 1, 'CHUYẾN DU LỊCH CHẾT CHÓC'),(4, 'Will Forte, Frank Welker, Amanda Seyfried, Mark Wahlberg, Jason Isaacs', '<p>Bộ phim hoạt hình trên màn ảnh rộng đầu tiên về chú chó Scooby-Doo đình đám sẽ hé lộ sự ra đời của biệt đội thám tử 5 thành viên nổi tiếng gồm Scooby, Shaggy, Fred, Daphne và Velma; đồng thời dõi theo cuộc phiêu lưu và thử thách lớn nhất từ trước đến nay mà cả đội phải đối mặt – chạy đua với thời gian, ngăn chặn âm mưu giải phóng con chó ma Cerberus thống trị thế giới <p>', 'Tony Cervone', 93, 'Hài, Hoạt Hình, Phiêu Lưu', '2020-12-14', 1, 'CUỘC PHIÊU LƯU CỦA SCOOBY-DOO'),(5, 'Brenton Thwaites, Theo Rossi, Kyle Gallner', '<p>Năm người lính Mỹ được giao nhiệm vụ canh giữ một dinh thự tại Pháp trong những năm cuối Thế chiến II. Họ rơi vào tình trạng hoảng loạn khi gặp phải một kẻ thù còn đáng sợ hơn rất nhiều những gì họ từng trải qua trên chiến trường.</p>', 'Eric Bress', 95, 'Hồi hộp, Kinh Dị', '2020-12-15', 1, 'DINH THỰ OAN KHUẤT'),(6, 'Albert Adion', '<p>Sau tai nạn thảm khốc, Riley may mắn sống sót nhưng Chris đã mãi mãi ra đi. Bằng một phép màu, cả hai đã tìm cách kết nối với nhau giữa hai thế giới. Nhưng liệu tình yêu có giúp họ vượt qua khoảng cách và bên cạnh nhau mãi mãi?</p>', 'Nel Valchino', 122, '2D | Normal | Normal sound | Phụ đề', '2020-12-16', 1, 'MÃI BÊN EM'),(7, 'Ryan Potter; Scott Adsit; Jamie Chung', '<p>Lấy bối cảnh tại thành phố giả tưởng San Fransokyo, thiên tài chế tạo robot Hiro Hamada, nhờ sự định hướng và cổ vũ của người anh trai Tadashi, quyết tâm sử dụng tài năng thiên bẩm của mình một cách nghiêm túc và giúp ích cho cộng đồng. Nhưng bỗng một biến cố bất ngờ ập đến đe dọa San Fransokyo, Hiro cùng với chú robot Baymax tự chế tạo ra, đã hợp lực với những người bạn cùng chí hướng như Go Go Tamago, Wasabi, Honey Lemon và Fred để cùng nhau lên đường chiến đấu bảo vệ thành phố.</p>', 'Don Hall; Chris Williams', 107, 'Hoạt Hình', '2020-12-17', 1, 'BIỆT ĐỘI BIG HERO 6'),(8, NULL, '<p>Trong suốt 200 năm, tộc người tí hon Elfkins đã sống sâu dưới lòng đất và hạn chế tiếp xúc với con người vì nghĩ rằng họ rất xấu xa. Một ngày nọ, cô bé Helvi tí hon không chịu nổi sự tù túng và chật chội của lòng đất, cô quyết định “phá luật’’ và trèo lên mặt đất. Đồng hành với cô là hai anh bạn Buck và Kipp. Ở đó, bộ ba đã gặp gỡ và kết bạn với Theo – một thợ làm bánh tài năng. Sau nhiều chuyện dở khóc dở cười, Helvi đã xây dựng được một tình bạn đáng yêu giữa tí hon và con người. Cuối cùng, chính tình bạn này đã giúp tất cả nhận ra giá trị tốt đẹp trong cuộc sống đó chính là giúp đỡ lẫn nhau.</p>', 'Ute von Münchow-Pohl', 78, 'Hoạt Hình', '2020-12-18', 1, 'TÍ HON HẬU ĐẬU'),(9, 'Jessica McNamee, Luke Mitchell, Amali Golden', '<p>Bỏ qua dự báo về cơ bão sắp đến, một nhóm bạn cùng nhau khám phá một hang động mới. Tưởng chừng sẽ an toàn dưới lòng đất, một cơn lũ ập đến khiến họ mất phương hướng. Sự hoảng loạn càng tăng khi mực nước đang không ngừng dâng cao. Tuy nhiên đó chưa phải là tất cả, cơn bão còn mang đến những kẻ săn mồi đói khát đang chực chờ họ dưới dòng nước tối.</p>', 'Andrew Traucki', 106, 'Hành động, Phiêu lưu', '2020-12-12', 1, 'CÁ SẤU TỬ THẦN'),(10, NULL, '<p>Simon là cậu bé mồ côi sở hữu một năng lực vô cùng đặc biệt, đó là khả năng biến đổi ngoại hình thành bất cứ người nào cậu bé từng chạm vào. Trong một lần cùng nhau vào rừng chơi, bạn thân nhất của Simon không may trượt chân rơi xuống vực và Simon trở thành nhân chứng duy nhất. Vừa sợ hãi bị kết tội, vừa khao khát có một gia đình hạnh phúc, Simon đã biến thành người bạn của mình và sống với danh tính của cậu ấy. 10 năm trôi qua, bí mật của Simon dường như đã bị chôn vùi, cho đến một ngày...</p>', 'Leo Karmann', 103, 'Gia đình, Tình cảm', '2020-12-13', 1, 'KẺ CẮP NHÂN DẠNG '),(11, 'Addy Miller, Elizabeth Birkner, Jan Broberg', '<p>Câu chuyện của Behind You xoay quanh hai đứa trẻ là Olivia (Addy Miller) và em gái Claire (Elizabeth Birkner). Sau cái chết đột ngột của người mẹ còn cha ở nước ngoài, cả hai buộc phải đến sống cùng dì Beth (Jan Bronberg). Tuy nhiên, Olivia dần nhận ra những biểu hiện và hành động kỳ quái của người dì. Từ đây, hàng loạt sự kiện kinh hoàng bắt đầu diễn ra khiến tính mạng của hai chị em đều gặp nguy hiểm.</p>', 'Andrew Mecham, Matthew Whedon', 86, 'Kinh Dị', '2020-12-14', 1, 'HẦM QUỶ'),(12, 'Byeong-man Jo, Gye-yeol Kang', '<p>Ông Bà Jo Byong-man và Kang Gye-yeul tuổi cao sức yếu nhưng ở họ là hình ảnh của những đôi lứa mới vừa chớm nở yêu thương. Khi họ ở cạnh nhau, ông vẫn thường trao cho bà những ân cần nhỏ nhặt nhất mà đôi khi những đôi trẻ còn chưa thể nào sánh bằng.</p>', 'Mo-young Jin', 86, 'Phim tài liệu', '2021-01-15', 1, 'MÌNH ƠI, XIN ĐỪNG QUA SÔNG'),(13, 'Dave Bautista, Chloe Coleman, Kristen Schaal, Ken Jeongs', '<p>Jason Jones, hay còn gọi là JJ (Dave Bautista) – một điệp viên CIA dày dạn kinh nghiệm. Trong một lần thực địa, JJ bị cô bé 9 tuổi Sophie (Chloe Coleman) phát hiện và uy hiếp anh phải “gia sư” môn điệp viên cho mình nếu không muốn cả thế giới biết thân phận thực sự của anh. Mắc kẹt bên cô học trò lắm mưu nhiều mẹo, JJ dần phát hiện ra Sophie thực sự có tố chất và năng khiếu bẩm sinh cho việc trở thành điệp viên.</p>', 'Peter Segal', 101, 'Hài, Hành Động', '2021-01-16', 1, 'ĐIỆP VIÊN SIÊU LẦY'),(14, 'Milos Bikovic, Aleksey Serebryakov, Lyubov Aksyonova', '<p>Một kiến trúc sư trẻ tài năng tỉnh dậy sau một tai nạn kinh hoàng và phát hiện rằng anh ta đang lạc trong một thế giới khác kỳ lạ và hỗn loạn. Thế giới đó được gọi là COMA và ở đó những toà nhà, những dòng sông và thành phố đều có thể tồn tại trong cùng một không gian của một căn phòng. Những định luật vật lý anh được học không còn đúng ở thế giới này và bên cạnh việc thích nghi, anh ta còn phải chiến đấu để bảo vệ mạng sống của mình cũng như tìm cách để thoát ra, trở về với thế giới thực...</p>', 'Nikita Argunov', 111, 'Khoa Học Viễn Tưởng', '2021-01-17', 0, 'KẺ ĐÀO TẨU GIẤC MƠ'),(15, 'Hwang Jung Min, Lee Jung Jae, Park Jeong Min', '<p>In-nam (Hwang Jung Min) – một tay sát thủ đã giải nghệ và Yui (Park Jeong Min) gặp nhau tại Thái Lan để tìm kiếm đứa con gái bị bắt cóc mà In-nam chưa một lần gặp mặt. Cuộc chạy đua với thời gian này trở nên khó khăn hơn bao giờ hết khi cả hai phải đương đầu với sự bám đuổi gắt gao từ Ray (Lee Jung Jae). Tên “đồ tể” máu lạnh truy sát In-nam sau khi biết rằng anh trai mình đã bị giết hại, Ray quyết tâm đòi lại món nợ máu này bằng mọi giá. </p>', 'Hong Won Chan', 104, 'Hành Động, Tội phạm', '2021-01-18', 1, 'ÁC QUỶ ĐỐI ĐẦU'),(16, 'Jesse Metcalfe, Bruce Willis, Lala Kent', '<p>ĐỐI ĐẦU xoay quanh đội lính đánh thuê của Derek Miller (Jesse Metcalfe) đảm nhận nhiệm vụ giải cứu con gái của ông trùm tập đoàn công nghệ (Bruce Willis) thoát khỏi âm mưu độc đoán của Kẻ rửa tội (Sergio Rizzuto)</p>', 'Matt Eskandari', 94, 'Hành Động, Hồi hộp', '2021-01-19', 1, 'ĐỐI ĐẦU'),(17, 'Janelle Monáe, Eric Lange, Jena Malone', '<p>TỪ NHÀ SẢN XUẤT CỦA GET OUT VÀ US Nữ nhà văn, diễn giả nổi tiếng và vô cùng thành công Veronica (Janelle Monáe) bị một thế lực bí ẩn kéo về kỷ nguyên Antebellum, thời kỳ tiền nội chiến kinh hoàng của quá khứ, khi những người Mỹ gốc Phi giống cô bị bắt làm nô lệ. Veronica buộc phải tìm mọi cách để sống sót, chiến đấu và giành lại cuộc sống vốn có của mình...</p>', 'Gerard Bush, Christopher Renz', 106, 'Hồi hộp, Kinh Dị', '2021-01-20', 1, 'ANTEBELLUM'),(18, 'BTS', '<p>Break The Silence: The Movie hứa hẹn sẽ là “cuốn nhật ký” bằng hình ảnh đầy chân thực, sống động và ngập tràn cảm xúc của nhóm nhạc hàng đầu thế giới, được ghi lại từ chuỗi concert cháy vé “Love Yourself: Speak Yourself” của BTS trong năm 2019.</p>', 'Park Jun-Soo', 91, 'Hòa nhạc, Nhạc kịch', '2021-01-21', 1, 'BTS: BREAK THE SILENCE THE MOVIE'),(19, 'Gerard Butler, Morena Baccarin, Scott Glenn', '<p>Gia đình John Garrity và Allison, cùng con trai Nathan, tìm đường trốn chạy khỏi thảm họa thiên thạch trong vòng 48h.</p>', 'Ric Roman Waugh', 90, 'Hành Động, Hồi hộp', '2021-01-22', 1, 'GREENLAND: THẢM HỌA THIÊN THẠCH'),(20, 'Eva Hache, José Mota, Ana Ángeles García', '<p>Sinh ra với sự khác biệt, cô gà mái Turu không thể đẻ trứng như các bạn gà mái khác và luôn mang trong lòng sự tự tin về bản thân. Cuộc đời của Turu bước sang một trang mới khi cô gà bé nhỏ được nhận nuôi bởi Isabel, một giáo viên âm nhạc đã nghỉ hưu. Quyết định chơi các bài hát với hy vọng rằng âm nhạc sẽ giúp Turu đẻ trứng, Isabel khám phá ra rằng cô gà của mình có thể hiểu được tiếng người và còn có một giọng hát vô cùng truyền cảm. Tai nạn không may khiến Isablel phải rời xa nông trang. Để gặp lại được Isabel, Turu sẽ trải qua một hành trình đặc biệt mà cô không hề ngờ tới.</p>', 'Eduardo Gondell, Víctor Monigote', 100, 'Hoạt Hình', '2021-01-19', 1, 'TURU: GÀ TÂY MÊ QUẨY'),(21, 'Tcheky Karyo, Rossy de Palma, Marilyn Lima, Romane Bohringer, Alexis Michalik', '<p>Sau những đổ vỡ trong tình yêu, chàng ca sĩ nghiệp dư Gaspard đã nguyện chẳng yêu ai nữa. Còn với nàng tiên cá Lula, nàng luôn bảo vệ chính mình khỏi tình yêu bằng giọng hát ma mị, khiến cho bất cứ người đàn ông nào nghe thấy đều phải chết. Thế nhưng, dòng sông Seine đã thay đổi tất cả khi cuốn nàng Lula đến với cuộc đời Gaspard trong một cơn thuỷ triều. Và rồi người đàn ông vốn đau khổ vì tình và nàng tiên cá chưa hề biết tới mùi vị tình yêu đã tìm được cách bước vào trái tim nhau. Hai thế giới trở nên đồng điệu trong khúc ca tình yêu của họ.</p>', 'Mathias Malzieu', 101, 'Tâm Lý, Thần thoại, Tình cảm', '2021-01-20', 1, 'NÀNG TIÊN CÁ Ở PARIS'),(22, 'David Menkin, David Rintoul, Gavin Peter', '<p>Một buổi sáng, những con vật trong rừng thức dậy và phát hiện ra một sự thật động trời rằng chúng có thể nói được! Khủng khiếp hơn nữa, bỗng một người ngoài hành tinh xuất hiện! Fneep – một Scaldronian màu tím bé nhỏ trên con đường chinh phục hành tinh đầu tiên của đời mình đang bị mắc kẹt ở Trái Đất với chiếc phi thuyền bị hỏng. Biệt đội rừng xanh bao gồm khỉ Munki tinh nghịch, voi Trunk hiền lành, nhím Humph cáu kỉnh và những người bạn đáng yêu khác cùng bắt tay nhau giúp Fneep trở về hành tinh của mình. Fneep dần nhận ra rằng, tình bạn là sức mạnh lớn lao và ý nghĩa hơn cả những cuộc chinh phục không gian. Không ai ngờ tới, một tàu vũ trụ khổng lồ mang theo binh đoàn Scaldronian ập tới Trái Đất. Fneep sẽ bảo vệ những người bạn mới của mình hay tuân lệnh của Ngài Chỉ huy lạnh lùng đàn áp hành tinh xanh và biến tất cả động vật thành tù binh?</p>', 'Brent Dawer', 98, 'Gia đình, Phiêu Lưu, Tâm Lý', '2020-12-21', 1, 'VÌ SAO ĐƯA BẠN TỚI'),(23, 'Nhã Phương, Trương Thế Vinh, Tiến Luật, Thuận Phát, Khương Ngọc, Hoàng Phi...', '<p>Lấy cảm hứng từ khái niệm “hiệu ứng cánh bướm”, bộ phim là câu chuyện về một người phụ nữ phải tìm cách sửa chữa sai lầm của mình khi vô tình thay đổi quá khứ, khiến cuộc sống hiện tại bị đảo lộn.</p>', 'Nguyễn Hữu Hoàng', 116, 'Bí ẩn, Hồi hộp, Tâm Lý', '2021-01-22', 1, 'SONG SONG'),(24, 'Gal Gadot, Chris Pine, Kristen Wiig, Pedro Pascal, Connie Nielsen', '<p>Lấy bối cảnh năm 1984, 66 năm sau sự kiện diễn ra Thế Chiến thứ I (1918) ở phần phim đầu tiên, Wonder Woman tái hợp với người yêu tưởng chừng đã qua đời Steve Trevor, đồng thời đương đầu với hai kẻ thù mới là Max Lord và The Cheetah.</p>', 'Patty Jenkins', 132, 'Hành Động, Thần thoại', '2021-01-19', 1, 'WONDER WOMAN 1984'),(25, 'Lương Anh Vũ, Hồ Thu Anh', '<p>''Sài Gòn Trong Cơn Mưa'' là câu chuyện về tình yêu & ước mơ của những người trẻ tứ xứ tìm thấy nhau giữa Sài Gòn và rồi lạc mất nhau cũng ở giữa Sài Gòn. Còn bạn? Liệu đã gặp được ‘thanh xuân’ của mình dưới cơn mưa đầu mùa nào hay chưa?</p>', 'Lê Minh Hoàng', 101, 'Tình cảm', '2021-01-20', 1, 'SÀI GÒN TRONG CƠN MƯA'),(26, 'Thái Hoà, Đức Thịnh, Hồng Ánh, Hứa Vỹ Văn , Thu Trang, Kiều Minh Tuấn, Kaity Nguyễn', '<p>Trong buổi họp mặt của nhóm bạn thân, một thành viên bất ngờ đề xuất trò chơi chia sẻ điện thoại nhằm tăng tinh thần “đoàn kết”. Từ đó, những góc khuất của từng người dần hé lộ và khiến cho mối quan hệ vốn khắng khít của họ bắt đầu lay chuyển.</p>', 'Nguyễn Quang Dũng', 101, 'Hài, Tâm Lý', '2021-01-21', 1, 'TIỆC TRĂNG MÁU'),(27, 'Hoàng Thùy Linh, B Trần, Hứa Vĩ Văn, Trịnh Thăng Bình, Hạnh Thúy, Kay Trần…', '<p>‘Trái Tim Quái Vật’ là một câu chuyện đậm chất thriller kể về Khánh (Hoàng Thùy Linh) – một người mẹ đơn thân với khao khát được sống và làm ăn lương thiện nhưng không may vướng vào vòng xoáy tội ác. Bị tình nghi là kẻ giết người tại khu chung cư của mình, Khánh bị dồn đến bước đường cùng và phải ôm con trai bỏ trốn. Câu chuyện càng trở nên phức tạp hơn khi phát hiện hàng loạt vụ án mạng khác cùng sự xuất hiện của Lâm (B Trần), ông Bé (Hứa Vĩ Văn) và Dustin (Trịnh Thăng Bình). Đến tận cùng tội ác, liệu điều gì đang ẩn giấu đằng sau và ai mới là người mang “Trái Tim Quái Vật”? Bộ phim dự kiến khởi chiếu từ ngày 16.10.2020.</p>', 'Tạ Nguyên Hiệp', 115, 'Hồi hộp, Tâm Lý', '2021-01-22', 1, 'TRÁI TIM QUÁI VẬT'),(28, 'Yahya Abdul-Mateen II, Teyonah Parris, Nathan Stewart-Jarrett, Colman Domingo', '<p>Từ lúc nào không ai hay biết, các dự án nhà ở tại khu Cabrini-Green ở Chicago đã bị khủng bố bởi câu chuyện truyền miệng về một kẻ giết người siêu nhiên với chiếc tay móc câu. Hắn có thể dễ dàng được triệu tập nếu bạn dám nhắc lại tên hắn năm lần trước gương. Ngày nay, một thập kỷ sau khi tòa tháp Cabrini cuối cùng bị phá hủy, nghệ sĩ thị giác Anthony McCoy và người yêu của anh, giám đốc phòng trưng bày Brianna Cartwright di chuyển vào một căn hộ gác xép sang trọng ở Cabrini, giờ đây được cải tạo lại và định cư bởi thế hệ người trẻ năng động. Khi sự nghiệp vẽ tranh của Anthony đang trên bờ vực đình trệ, cuộc gặp gỡ tình cờ với một cư dân cũ của khu Cabrini-Green phơi bày cho Anthony sự thật kinh hoàng về câu chuyện Candyman. Lo lắng để duy trì vị thế của mình trong giới nghệ thuật Chicago, Anthony bắt đầu phát hiện những chi tiết rùng rợn trong xưởng vẽ của mình và anh cũng lấy chúng làm cảm hứng cho các tác phẩm mới. Anh không hề hay biết những điều này đang vô tình mở ra một cánh cửa dẫn tới quá khứ phức tạp, đưa anh tới định mệnh của chính mình. Từ đó anh dần trở nên mất tỉnh táo và rơi sâu hơn vào vòng xoáy bạo lực đáng sợ.</p>', 'Nia DaCosta', 110, 'Kinh Dị', '2021-01-19', 1, 'SÁT NHÂN TRONG GƯƠNG'),(29, 'Gal Gadot, Armie Hammer, Rose Leslie', '<p>Án Mạng Trên Sông Nile xoay quanh chuyến đi tham quan Ai Cập của thám tử Poirot. Trên chiếc du thuyền nhỏ, ông bắt gặp một cặp nam thanh nữ tú: nàng triệu phú trẻ Linnet Doyle và người chồng mới cưới Simon Doyle đang hưởng tuần trăng mật. Chuyến đi hạnh phúc của hai người bị phá hỏng bởi người tình cũ của Simon - Jacqueline de Bellefort không ngừng bám theo phá đám.</p>', 'Kenneth Branagh', 119, 'Tâm Lý, Tội phạm', '2021-01-20', 1, 'ÁN MẠNG TRÊN SÔNG NILE'),(30, 'Scarlett Johansson, Florence Pugh, Robert Downey Jr...', '<p>Phần phim riêng của Natasha Romanoff bất ngờ tung teaser chính thức với những cảnh hành động mãn nhãn, mang đậm chất điệp viên. Bên cạnh đó, phần phim này cũng sẽ hé lộ quá khứ đen tối và quá trình biến cô trở thành một Black Widow.</p>', 'Cate Shortland', 123, 'Hành Động, Phiêu Lưu', '2021-01-21', 1, 'GÓA PHỤ ĐEN');
COMMIT;
BEGIN;
LOCK TABLE "public"."ratings" IN SHARE MODE;
DELETE FROM "public"."ratings";
COMMIT;
BEGIN;
LOCK TABLE "public"."roles" IN SHARE MODE;
DELETE FROM "public"."roles";
INSERT INTO "public"."roles" ("id","name") VALUES (1, 'ROLE_CUSTOMER'),(2, 'ROLE_ADMIN'),(3, 'ROLE_MODERATOR');
COMMIT;
BEGIN;
LOCK TABLE "public"."seats" IN SHARE MODE;
DELETE FROM "public"."seats";
INSERT INTO "public"."seats" ("id","number","row","seat_type","auditorium_id") VALUES (1, 1, 'A', 'n', 1),(2, 2, 'A', 'n', 1),(3, 3, 'A', 'n', 1),(4, 4, 'A', 'n', 1),(5, 5, 'A', 'n', 1),(6, 6, 'A', 'n', 1),(7, 7, 'A', 'n', 1),(8, 8, 'A', 'n', 1),(9, 1, 'B', 'n', 1),(10, 2, 'B', 'n', 1),(11, 3, 'B', 'n', 1),(12, 4, 'B', 'n', 1),(13, 5, 'B', 'n', 1),(14, 6, 'B', 'n', 1),(15, 7, 'B', 'n', 1),(16, 8, 'B', 'n', 1),(17, 1, 'C', 'n', 1),(18, 2, 'C', 'n', 1),(19, 3, 'C', 'n', 1),(20, 4, 'C', 'n', 1),(21, 5, 'C', 'n', 1),(22, 6, 'C', 'n', 1),(23, 7, 'C', 'n', 1),(24, 8, 'C', 'n', 1),(25, 1, 'D', 'n', 1),(26, 2, 'D', 'n', 1),(27, 3, 'D', 'n', 1),(28, 4, 'D', 'n', 1),(29, 5, 'D', 'n', 1),(30, 6, 'D', 'n', 1),(31, 7, 'D', 'n', 1),(32, 8, 'D', 'n', 1),(33, 1, 'E', 'n', 1),(34, 2, 'E', 'n', 1),(35, 3, 'E', 'n', 1),(36, 4, 'E', 'n', 1),(37, 5, 'E', 'n', 1),(38, 6, 'E', 'n', 1),(39, 7, 'E', 'n', 1),(40, 8, 'E', 'n', 1),(41, 1, 'F', 'n', 1),(42, 2, 'F', 'n', 1),(43, 3, 'F', 'n', 1),(44, 4, 'F', 'n', 1),(45, 5, 'F', 'n', 1),(46, 6, 'F', 'n', 1),(47, 7, 'F', 'n', 1),(48, 8, 'F', 'n', 1),(49, 1, 'G', 'n', 1),(50, 2, 'G', 'n', 1),(51, 3, 'G', 'n', 1),(52, 4, 'G', 'n', 1),(53, 5, 'G', 'n', 1),(54, 6, 'G', 'n', 1),(55, 7, 'G', 'n', 1),(56, 8, 'G', 'n', 1),(57, 1, 'H', 'n', 1),(58, 2, 'H', 'n', 1),(59, 3, 'H', 'n', 1),(60, 4, 'H', 'n', 1),(61, 5, 'H', 'n', 1),(62, 6, 'H', 'n', 1),(63, 7, 'H', 'n', 1),(64, 8, 'H', 'n', 1),(65, 1, 'A', 'n', 2),(68, 4, 'A', 'n', 2),(71, 7, 'A', 'n', 2),(72, 8, 'A', 'n', 2),(73, 1, 'B', 'n', 2),(74, 2, 'B', 'n', 2),(75, 3, 'B', 'n', 2),(76, 4, 'B', 'n', 2),(77, 5, 'B', 'n', 2),(78, 6, 'B', 'n', 2),(79, 7, 'B', 'n', 2),(80, 8, 'B', 'n', 2),(83, 3, 'C', 'n', 2),(84, 4, 'C', 'n', 2),(85, 5, 'C', 'n', 2),(86, 6, 'C', 'n', 2),(87, 7, 'C', 'n', 2),(88, 8, 'C', 'n', 2),(89, 1, 'D', 'n', 2),(90, 2, 'D', 'n', 2),(92, 4, 'D', 'n', 2),(93, 5, 'D', 'n', 2),(94, 6, 'D', 'n', 2),(95, 7, 'D', 'n', 2),(96, 8, 'D', 'n', 2),(97, 1, 'E', 'n', 2),(98, 2, 'E', 'n', 2),(99, 3, 'E', 'n', 2),(100, 4, 'E', 'n', 2),(101, 5, 'E', 'n', 2),(102, 6, 'E', 'n', 2),(103, 7, 'E', 'n', 2),(104, 8, 'E', 'n', 2),(105, 1, 'F', 'n', 2),(106, 2, 'F', 'n', 2),(107, 3, 'F', 'n', 2),(108, 4, 'F', 'n', 2),(109, 5, 'F', 'n', 2),(110, 6, 'F', 'n', 2),(111, 7, 'F', 'n', 2),(112, 8, 'F', 'n', 2),(113, 1, 'G', 'n', 2),(114, 2, 'G', 'n', 2),(115, 3, 'G', 'n', 2),(116, 4, 'G', 'n', 2),(117, 5, 'G', 'n', 2),(118, 6, 'G', 'n', 2),(119, 7, 'G', 'n', 2),(120, 8, 'G', 'n', 2),(121, 1, 'H', 'n', 2),(122, 2, 'H', 'n', 2),(123, 3, 'H', 'n', 2),(124, 4, 'H', 'n', 2),(125, 5, 'H', 'n', 2),(126, 6, 'H', 'n', 2),(127, 7, 'H', 'n', 2),(128, 8, 'H', 'n', 2),(66, 2, 'A', 'n', 2),(67, 3, 'A', 'n', 2),(69, 5, 'A', 'n', 2),(70, 6, 'A', 'n', 2),(81, 1, 'C', 'n', 2),(82, 2, 'C', 'n', 2),(91, 3, 'D', 'n', 2),(130, 2, 'A', 'n', 3),(131, 3, 'A', 'n', 3),(129, 1, 'A', 'n', 3),(132, 4, 'A', 'n', 3),(133, 5, 'A', 'n', 3),(134, 6, 'A', 'n', 3),(135, 7, 'A', 'n', 3),(136, 8, 'A', 'n', 3),(137, 1, 'B', 'n', 3),(138, 2, 'B', 'n', 3),(139, 3, 'B', 'n', 3),(140, 4, 'B', 'n', 3),(141, 5, 'B', 'n', 3),(142, 6, 'B', 'n', 3),(143, 7, 'B', 'n', 3),(144, 8, 'B', 'n', 3),(145, 1, 'C', 'n', 3),(146, 2, 'C', 'n', 3),(147, 3, 'C', 'n', 3),(148, 4, 'C', 'n', 3),(149, 5, 'C', 'n', 3),(150, 6, 'C', 'n', 3),(151, 7, 'C', 'n', 3),(152, 8, 'C', 'n', 3),(153, 1, 'D', 'n', 3),(154, 2, 'D', 'n', 3),(155, 3, 'D', 'n', 3),(156, 4, 'D', 'n', 3),(157, 5, 'D', 'n', 3),(158, 6, 'D', 'n', 3),(159, 7, 'D', 'n', 3),(160, 8, 'D', 'n', 3),(161, 1, 'E', 'n', 3),(162, 2, 'E', 'n', 3),(163, 3, 'E', 'n', 3),(164, 4, 'E', 'n', 3),(165, 5, 'E', 'n', 3),(166, 6, 'E', 'n', 3),(167, 7, 'E', 'n', 3),(168, 8, 'E', 'n', 3),(169, 1, 'F', 'n', 3),(170, 2, 'F', 'n', 3),(171, 3, 'F', 'n', 3),(172, 4, 'F', 'n', 3),(173, 5, 'F', 'n', 3),(174, 6, 'F', 'n', 3),(175, 7, 'F', 'n', 3),(176, 8, 'F', 'n', 3),(177, 1, 'G', 'n', 3),(178, 2, 'G', 'n', 3),(179, 3, 'G', 'n', 3),(180, 4, 'G', 'n', 3),(181, 5, 'G', 'n', 3),(182, 6, 'G', 'n', 3),(183, 7, 'G', 'n', 3),(184, 8, 'G', 'n', 3),(185, 1, 'H', 'n', 3),(186, 2, 'H', 'n', 3),(187, 3, 'H', 'n', 3),(188, 4, 'H', 'n', 3),(189, 5, 'H', 'n', 3),(190, 6, 'H', 'n', 3),(191, 7, 'H', 'n', 3),(192, 8, 'H', 'n', 3),(193, 1, 'A', 'n', 4),(194, 2, 'A', 'n', 4),(195, 3, 'A', 'n', 4),(196, 4, 'A', 'n', 4),(197, 5, 'A', 'n', 4),(198, 6, 'A', 'n', 4),(199, 7, 'A', 'n', 4),(200, 8, 'A', 'n', 4),(201, 1, 'B', 'n', 4),(202, 2, 'B', 'n', 4),(203, 3, 'B', 'n', 4),(204, 4, 'B', 'n', 4),(205, 5, 'B', 'n', 4),(206, 6, 'B', 'n', 4),(207, 7, 'B', 'n', 4),(208, 8, 'B', 'n', 4),(209, 1, 'C', 'n', 4),(210, 2, 'C', 'n', 4),(211, 3, 'C', 'n', 4),(212, 4, 'C', 'n', 4),(213, 5, 'C', 'n', 4),(214, 6, 'C', 'n', 4),(215, 7, 'C', 'n', 4),(216, 8, 'C', 'n', 4),(217, 1, 'D', 'n', 4),(218, 2, 'D', 'n', 4),(219, 3, 'D', 'n', 4),(220, 4, 'D', 'n', 4),(221, 5, 'D', 'n', 4),(222, 6, 'D', 'n', 4),(223, 7, 'D', 'n', 4),(224, 8, 'D', 'n', 4),(225, 1, 'E', 'n', 4),(226, 2, 'E', 'n', 4),(227, 3, 'E', 'n', 4),(228, 4, 'E', 'n', 4),(229, 5, 'E', 'n', 4),(230, 6, 'E', 'n', 4),(231, 7, 'E', 'n', 4),(232, 8, 'E', 'n', 4),(233, 1, 'F', 'n', 4),(234, 2, 'F', 'n', 4),(235, 3, 'F', 'n', 4),(236, 4, 'F', 'n', 4),(237, 5, 'F', 'n', 4),(238, 6, 'F', 'n', 4),(239, 7, 'F', 'n', 4),(240, 8, 'F', 'n', 4),(241, 1, 'G', 'n', 4),(242, 2, 'G', 'n', 4),(243, 3, 'G', 'n', 4),(244, 4, 'G', 'n', 4),(245, 5, 'G', 'n', 4),(246, 6, 'G', 'n', 4),(247, 7, 'G', 'n', 4),(248, 8, 'G', 'n', 4),(249, 1, 'H', 'n', 4),(250, 2, 'H', 'n', 4),(251, 3, 'H', 'n', 4),(252, 4, 'H', 'n', 4),(253, 5, 'H', 'n', 4),(254, 6, 'H', 'n', 4),(255, 7, 'H', 'n', 4),(256, 8, 'H', 'n', 4);
COMMIT;
BEGIN;
LOCK TABLE "public"."showing_schedules" IN SHARE MODE;
DELETE FROM "public"."showing_schedules";
INSERT INTO "public"."showing_schedules" ("id","price","showing_date","auditorium_id","movie_id") VALUES (4, 55000, '2021-01-09 16:00:00', 4, 1),(6, 55000, '2021-01-10 14:45:00', 2, 2),(5, 55000, '2021-01-10 09:10:00', 1, 2),(8, 55000, '2021-01-10 18:25:00', 4, 2),(7, 55000, '2021-01-10 15:45:00', 3, 2),(1, 55000, '2021-01-10 09:40:00', 1, 1),(2, 55000, '2021-01-11 10:40:00', 2, 1),(3, 55000, '2021-01-11 11:45:00', 3, 1);
COMMIT;
BEGIN;
LOCK TABLE "public"."user_roles" IN SHARE MODE;
DELETE FROM "public"."user_roles";
INSERT INTO "public"."user_roles" ("user_id","role_id") VALUES (1, 1),(1, 2),(1, 3),(14, 1);
COMMIT;
BEGIN;
LOCK TABLE "public"."users" IN SHARE MODE;
DELETE FROM "public"."users";
INSERT INTO "public"."users" ("id","address","date_of_birth","email","full_name","gender","password","phone","status") VALUES (2, 'Quy Nhơn', '1997-12-13', 'trandat.qn21@gmail.com', 'Trần Đạt', 'm', '$2a$10$vIW0l/EH2aA2y.1OPybEj.CB30t0MkIalV3YenW1ATxQTQf8W1C4S', '0378957458', 1),(1, 'Kiên Giang', '1998-08-11', 'minhbdk@gmail.com', 'Bùi Dương Khả Minh', 'm', '$2a$10$vIW0l/EH2aA2y.1OPybEj.CB30t0MkIalV3YenW1ATxQTQf8W1C4S', '03546798', 1),(14, 'Ktx abcxzy', '2000-06-03', 'datlol@gmail.com', 'Đạt Trieu Phu', 'f', '$2a$10$ELoiMtp6ACeg6Y9g9a.WK.7FXvU6kdqpUaW0S6ZMDWK3TQWEINQ32', '0327888888', 0);
COMMIT;
ALTER TABLE "auditoriums" ADD CONSTRAINT "auditoriums_pkey" PRIMARY KEY ("id");
ALTER TABLE "bookings" ADD CONSTRAINT "bookings_pkey" PRIMARY KEY ("id");
ALTER TABLE "movies" ADD CONSTRAINT "movies_pkey" PRIMARY KEY ("id");
ALTER TABLE "ratings" ADD CONSTRAINT "ratings_pkey" PRIMARY KEY ("id");
ALTER TABLE "roles" ADD CONSTRAINT "roles_pkey" PRIMARY KEY ("id");
ALTER TABLE "seats" ADD CONSTRAINT "seats_pkey" PRIMARY KEY ("id");
ALTER TABLE "showing_schedules" ADD CONSTRAINT "showing_schedules_pkey" PRIMARY KEY ("id");
ALTER TABLE "user_roles" ADD CONSTRAINT "user_roles_pkey" PRIMARY KEY ("user_id", "role_id");
ALTER TABLE "users" ADD CONSTRAINT "users_pkey" PRIMARY KEY ("id");
ALTER TABLE "bookings" ADD CONSTRAINT "fkcn3eb25korl7fnf5i5gy3mg2t" FOREIGN KEY ("movie_id") REFERENCES "public"."movies" ("id") ON DELETE NO ACTION ON UPDATE NO ACTION;
ALTER TABLE "bookings" ADD CONSTRAINT "fkey1ske80oyr85nr4h3b2dgek" FOREIGN KEY ("showing_schedule_id") REFERENCES "public"."showing_schedules" ("id") ON DELETE NO ACTION ON UPDATE NO ACTION;
ALTER TABLE "bookings" ADD CONSTRAINT "fkeyog2oic85xg7hsu2je2lx3s6" FOREIGN KEY ("user_id") REFERENCES "public"."users" ("id") ON DELETE NO ACTION ON UPDATE NO ACTION;
ALTER TABLE "bookings" ADD CONSTRAINT "fkhmf8yyefriw5ski3jibaua6n" FOREIGN KEY ("seat_id") REFERENCES "public"."seats" ("id") ON DELETE NO ACTION ON UPDATE NO ACTION;
ALTER TABLE "ratings" ADD CONSTRAINT "fk44trpo3u915t27ybt03ib4h0o" FOREIGN KEY ("movie_id") REFERENCES "public"."movies" ("id") ON DELETE NO ACTION ON UPDATE NO ACTION;
ALTER TABLE "ratings" ADD CONSTRAINT "fkb3354ee2xxvdrbyq9f42jdayd" FOREIGN KEY ("user_id") REFERENCES "public"."users" ("id") ON DELETE NO ACTION ON UPDATE NO ACTION;
ALTER TABLE "seats" ADD CONSTRAINT "fk63avm7j8pbf018wn6oacgebp7" FOREIGN KEY ("auditorium_id") REFERENCES "public"."auditoriums" ("id") ON DELETE NO ACTION ON UPDATE NO ACTION;
ALTER TABLE "showing_schedules" ADD CONSTRAINT "fk93gfwlcnar3dfw5enbl9qwwyf" FOREIGN KEY ("auditorium_id") REFERENCES "public"."auditoriums" ("id") ON DELETE NO ACTION ON UPDATE NO ACTION;
ALTER TABLE "showing_schedules" ADD CONSTRAINT "fkcbow0khfoodu8clysd2b3hdm3" FOREIGN KEY ("movie_id") REFERENCES "public"."movies" ("id") ON DELETE NO ACTION ON UPDATE NO ACTION;
ALTER TABLE "user_roles" ADD CONSTRAINT "fkh8ciramu9cc9q3qcqiv4ue8a6" FOREIGN KEY ("role_id") REFERENCES "public"."roles" ("id") ON DELETE NO ACTION ON UPDATE NO ACTION;
ALTER TABLE "user_roles" ADD CONSTRAINT "fkhfh9dx7w3ubf1co1vdev94g3f" FOREIGN KEY ("user_id") REFERENCES "public"."users" ("id") ON DELETE NO ACTION ON UPDATE NO ACTION;
ALTER TABLE "users" ADD CONSTRAINT "uk_6dotkott2kjsp8vw4d0m25fb7" UNIQUE ("email");
